url,title,predicted_seniority,your_label
"https://jobicy.com/jobs/150146-clinical-provider-broome-australia","Clinical Provider (Broome - Australia)",unknown,mid
"https://jobicy.com/jobs/152510-partner-consultant-accounting","Partner Consultant, Accounting",senior,senior
"https://weworkremotely.com/remote-jobs/zanda-health-product-owner","Product Owner",mid,mid
"https://jobicy.com/jobs/152521-growth-marketer-6-month-contract","Growth Marketer (6-Month Contract)",mid,mid
"https://weworkremotely.com/remote-jobs/vxi-global-solutions-us-remote-technical-support-advisor","US Remote Technical Support Advisor",unknown,junior
"https://weworkremotely.com/remote-jobs/sanctuary-computer-senior-shopify-developer","Senior Shopify Developer",senior,senior
"https://weworkremotely.com/remote-jobs/fin-solutions-architect-spanish-speaking","Solutions Architect -Spanish Speaking",senior,senior
"https://jobicy.com/jobs/152502-account-manager-supply-chain-esg","Account Manager, Supply Chain ESG",unknown,mid
"https://weworkremotely.com/remote-jobs/pinterest-engineering-manager-ii-media-rendering","Engineering Manager II, Media Rendering",lead,lead
"https://jobicy.com/jobs/154569-principal-business-operations-and-strategy","Principal, Business Operations and Strategy",lead,lead
"https://jobicy.com/jobs/150136-field-technical-lead-data-center-deployments","Field Technical Lead – Data Center Deployments",lead,lead
"https://weworkremotely.com/remote-jobs/steuart-nutrition-software-developer-ai-coding","Software Developer AI Coding",unknown,mid
"https://jobicy.com/jobs/152523-product-security-analyst","Product Security Analyst",mid,mid
"https://jobicy.com/jobs/154553-1-on-1-amc-tutor-remote-in-us-3","1 on 1 AMC Tutor (Remote in US)",unknown,junior
"https://jobicy.com/jobs/150127-senior-software-engineer-maas","Senior Software Engineer - MAAS",senior,senior
"https://weworkremotely.com/remote-jobs/ewor-agentic-ai-design-engineer-100-remote-m-f-d","Agentic AI Design Engineer (100 % remote) (m/f/d)",unknown,mid
"https://weworkremotely.com/remote-jobs/webflow-it-support-specialist","IT Support Specialist",junior,junior
"https://jobicy.com/jobs/152536-customer-service-representative-5","Customer Service Representative",unknown,junior
"https://jobicy.com/jobs/154560-1-on-1-high-school-math-tutor-2","1 on 1 High School Math Tutor",unknown,junior
"https://weworkremotely.com/remote-jobs/feedzai-global-solutions-consultant-identity","Global Solutions Consultant, Identity",mid,mid
"https://jobicy.com/jobs/154563-senior-sdk-engineer","Senior SDK Engineer",senior,senior
"https://weworkremotely.com/remote-jobs/cribl-sr-ux-designer-security","Sr. UX Designer, Security",senior,senior
"https://jobicy.com/jobs/154538-svp-sales-north-america","SVP Sales - North America",lead,lead
"https://weworkremotely.com/remote-jobs/faire-senior-staff-machine-learning-platform-engineer","Senior Staff Machine Learning Platform Engineer",senior,senior
"https://jobicy.com/jobs/154539-senior-software-backend-engineer-foundations","Senior Software Backend Engineer, Foundations",senior,senior
"https://weworkremotely.com/remote-jobs/collibra-cps-account-program-manager","CPS Account Program Manager",unknown,mid
"https://jobicy.com/jobs/150125-senior-software-engineer-backend","Senior Software Engineer (Backend)",senior,senior
"https://weworkremotely.com/remote-jobs/mmc-group-benefits-verification-specialist-call-center-agent-remote-must-have-your-own-computer","Benefits Verification Specialist ( Call Center Agent- REMOTE)-Must have your own computer",junior,junior
"https://jobicy.com/jobs/154527-external-contractor-mentor-role-for-data-product-manager-track","External Contractor - Mentor role for Data Product Manager track",senior,senior
"https://weworkremotely.com/remote-jobs/datadog-developer-advocate-service-management-emea","Developer Advocate - Service Management EMEA",unknown,senior
